ID,X_0,X_1,X_2,color
1,0.4439986758792042,1.1857605415623151,-0.10397255855776755,0.4600564360021799
2,0.8972409706619084,0.02012739131218666,-1.4415412104953245,2.0281119975787063
3,0.8240493010793997,0.9516523917144455,-0.43348190726989766,0.9685220019742846
4,0.4105106778010716,1.4175407818820973,-0.08814420909263032,0.42301403391833253
5,-0.6590361877872426,0.0879508640481812,0.24788876940517746,-0.7195365646012067
6,0.9808968741398544,1.7590429660474602,-0.8054715385794081,1.3750196214366166
7,-0.5548866216499575,1.0401628332713462,0.16807401945010947,-0.588226675761531
8,-0.5233527972069081,0.06132209665143584,-1.852116101042402,3.6923735433954303
9,-0.9419279384014637,0.4488272238416804,-1.3358150664558819,4.369918566399592
10,-0.8905431613879824,1.907351392854626,0.5451012445553429,-1.0985378045115628
11,0.38217511357981315,1.1646394661041106,-1.9240899212523948,2.7494437095261053
12,0.2689745659118072,0.21494513553760908,-0.0368527200409301,0.27232820286537396
13,0.5982415711504487,0.575089004561123,-0.1986841930003861,0.6413048797483188
14,-0.7640458897992972,0.9134072517209684,-1.6451619008286216,4.011153816758209
15,0.784132634483915,0.04190013853546093,1.6205932738415032,-4.042889904661314
16,0.6813621499433662,0.8232310272275176,1.731946460217244,-3.8912146768203386
17,0.9818994742890731,0.9789172708693963,1.1894028046013096,-4.521835073787032
18,0.006724413276919511,0.4873557505624644,-1.9999773908774543,3.134868189634721
19,0.49690360140860207,1.1772780005839731,-1.8678057449148175,2.621565615991368
20,-0.33884564372517556,1.5064802391843537,-1.9408419791487153,3.4872823400135537
21,-0.9797639934373341,0.47166844821127096,-1.2001562318883114,4.51087160349533
22,0.3165494049663827,1.2409998005599754,-1.9485760244784964,2.8195030428051875
23,-0.3551256338522179,1.2792444859274832,0.06518141643361597,-0.363048457673349
24,0.477377235926035,1.897080602257682,-1.8786984548863273,2.6439251980173735
25,0.4404376777530467,1.5565523345928876,1.8977831876436,-3.597678778132516
26,0.9683977788939938,1.696690539580012,-0.7505892106720731,1.3187245580559888
27,0.21795970396658515,0.9808398168725503,1.9759577692947572,-3.3613160766080705
28,-0.8670812671563769,0.37069717395876567,-1.498166715213383,4.190905809248106
29,0.20446348439412568,1.99163058591927,-0.021125808109431654,0.2059155813098738
30,-0.7203399249526364,0.2587115220773992,0.30637878311052935,-0.804292267192128
31,-0.7971629376584324,0.9429146387085308,1.603764234468868,-2.2190110780231485
32,0.5286429129976109,0.1361861984842132,-1.8488443146640026,2.58459163228008
33,-0.40160927433230936,1.887701714701639,0.08418888914237566,-0.4132733825125323
34,0.6011782794853883,1.9298498816968792,-0.20088506691778785,0.6449747730656571
35,0.984360555842252,1.4387781240079471,1.1761655360788046,-4.535299283344875
36,0.8951147153118407,0.6999856872603378,-0.5541641036971089,1.108688440244877
37,0.8706279220483758,0.5087648022352487,-0.5080579085403167,1.0564772970107927
38,0.8921475366250874,0.5306066490740948,-0.5482558546103907,1.1020769566098845
39,-0.8627252285971952,0.25458805084014946,-1.5056729970464284,4.18222711051839
40,0.9898186017992533,1.0516179061534459,-1.1423345900762403,1.713615947811007
41,-0.9697261454668977,0.283634551402955,0.7558049902272508,-1.324106842334402
42,-0.5592326206815322,0.6334613331069125,0.1709892184261621,-0.5934598540646747
43,0.957717881691438,1.2534129519182098,-1.2877089833294482,1.862630139735781
44,0.843187377311048,1.4550872191814996,1.537619797573821,-4.1447772826962055
45,0.9999995554344427,0.04854540924412243,-1.000942937387598,1.5717392643222272
46,0.9992996651698135,0.8602319687534798,-1.0374189683382453,1.6082240328498676
47,-0.40045431511072727,1.304249189684278,1.916316725542647,-2.729580055445736
48,0.348241568796893,1.7064919523170257,1.9374048270421262,-3.4972872516836353
49,-0.9857953935823573,0.9506495644241648,1.1679507129839142,-1.739546810392612
50,-0.959295166450152,1.9384117434353705,0.7175946466063805,-1.2844957223102202
51,0.6143713551439829,0.5312650950828945,-0.21098299259233577,0.6615889747516199
52,-0.5469085315382272,0.02701741325343776,0.16280763373600926,-0.5786671027449186
53,-0.9940027738874636,0.9675057294034723,-1.1093548604499495,4.6028149855569485
54,0.5720857830726984,0.5122275900400359,1.8201937922260187,-3.7506392970357925
55,-0.3874101698906997,1.6474353440463387,1.9219074575385857,-2.7437719330250907
56,0.05046848872804136,0.46554534436222417,1.9987256538436906,-3.192082591359843
57,0.9918466828478936,0.6212584365826126,-0.8725631225914959,1.4430119714565923
58,-0.7286993362995587,1.5824548620382246,1.6848337588616544,-2.325171867119794
59,-0.31220530297321153,1.43028650405072,0.04998534285232992,-0.317513485499238
60,-0.6689985537594151,1.116102473314525,1.7432637049310367,-2.408732047839976
61,0.07247968827727327,1.409896123845519,1.99736988865076,-3.2141359520097113
62,0.5059949818266056,0.837273727140053,1.8625364214723301,-3.6721277825225376
63,0.995257970620164,0.010620095229335602,-0.9027293882149761,1.4733716694084338
64,0.265239867923835,0.022710257024385117,1.9641824580771767,-3.410045345960207
65,-0.2782280111550658,1.0224435751473733,1.9605150565236844,-2.8596438705465266
66,-0.9448826896651944,0.16658195943799847,0.6725909244216528,-1.237236118358307
67,0.11604072117295382,0.10215096033851356,-1.9932444568330903,3.0252899182269983
68,0.609665371423352,1.9310332782749466,1.7926589019794241,-3.7972310163276566
69,-0.043449379956861454,1.7180052793161171,-1.9990556297731195,3.1850557161489736
70,0.6171300865145013,0.30405445441913903,1.7868611417007476,-3.8066828236006405
71,-0.9754889047862341,0.0013284371804089812,-1.2200486233516439,4.490524665058222
72,-0.29117560869859854,1.8833355907795128,0.04333037839649123,-0.2954554638073456
73,-0.976110501570491,0.5566505966402286,-1.217274684958475,4.493367396528716
74,0.8350071303564027,0.371795205710995,-0.4497608772052233,0.98814574377852
75,0.7749187541347494,1.3830162156630705,-1.6320608550529354,2.255006109927908
76,0.932567165788518,0.2178074776826524,1.3609965114695306,-4.343052739614959
77,-0.8887433552975079,0.5292991960056006,1.4584051138616667,-2.046996152342414
78,0.4241023283560185,1.950189360424093,1.905614274999574,-3.579563079302548
79,-0.9391884252588453,1.2789255489480205,1.3434022449836494,-1.9213333734800873
80,0.436598172708957,1.041355582965107,1.8996566209322308,-3.5934065914523092
81,-0.9895532760697339,0.7958372296698755,1.144167658716014,-1.7154681193369685
82,-0.7229428236697399,1.549001909768404,0.3090921380499254,-0.8080522397205019
83,0.8227432300682002,0.28191495304738745,1.568413210065481,-4.107813070558133
84,0.970569786953993,1.9346756040739643,-1.2408200337432098,1.8140069887011363
85,0.5872879089792271,1.7222460161315734,-0.19062189801872753,0.6277039177613205
86,-0.8018833275298876,1.2353139651384866,1.5974806515943383,-2.2111519551587997
87,0.21735878396619526,0.08581238080511633,-0.023908222023801273,0.21910774194373922
88,0.6330043053360652,1.4017112988954754,1.7741482735406735,-3.8270205249651097
89,0.6562053278285471,1.8265686817709617,-0.24541762031609238,0.715778857515548
90,-0.7860721354248623,1.049154134957252,-1.6181347732562834,4.046021341558399
91,-0.9903341098276313,0.7084496436545256,1.138702382502656,-1.7099473383360662
92,0.9999754347281906,0.24055468995893925,-1.0070092752953566,1.5778056594857348
93,0.3227473451309105,1.5098022082751366,1.9464851563605996,-3.470223391519259
94,0.8924544402436508,1.7700437024236124,-1.451137531235644,2.0388358656915155
95,-0.9155172477566825,0.20050348815169716,1.4022787206154823,-1.9848008138635342
96,-0.1551127507642222,1.5179691095046839,1.9878967732260069,-2.98585106913669
97,0.7279760301072004,0.034120972518195014,-0.3143974186240541,0.8153652013195497
98,0.9820968166673371,1.934109836154439,1.1883768634728877,-4.522879822231648
99,0.041394085426876275,1.2301160412701924,-1.9991428975335173,3.1001867377826393
100,0.9990209594791467,1.1048781179832663,1.044239377497487,-4.668135159849855
101,0.9944836452744277,0.5918996671778556,-1.104891750303283,1.675881377057447
102,-0.8271228100127709,1.8585833431395669,1.5620212248274772,-2.167623785411165
103,0.7985853844073528,0.531811254673582,-1.6018815363599057,2.216651436205738
104,-0.9371713057806446,1.6562932264333898,-1.348869522345248,4.356024413742896
105,-0.6987486932781508,1.970217358674264,1.7153672229296482,-2.367945835665687
106,0.657703469077176,1.5667932910296116,-0.24672306104338482,0.7177659669721725
107,0.7626981634058175,1.0379798407728635,-0.3532454008378504,0.8674747653174782
108,0.6295377815849532,0.13214852770334384,-0.22303012828225077,0.6809581693214088
109,-0.5069981132102029,0.944827578342146,1.861947163810691,-2.609894125620939
110,-0.9024685328963767,0.8765118939434071,-1.4307557859528544,4.267058905505402
111,-0.4779606836713798,0.40559208237399047,0.1216187702003263,-0.4983315662886111
112,-0.1229205008282904,0.8471752734286089,-1.9924165206586004,3.2648248217252642
113,0.9525616240049687,0.7155157681606774,-1.3043457778136847,1.880047877642662
114,-0.9433151084728726,0.32736852230329694,1.3318984876838287,-1.909111761246781
115,0.18307939269619822,0.8827482866649723,-1.983098131403977,2.957474775269391
116,-0.8279321289659994,0.5255999126489781,0.4391716930950903,-0.9754104127314938
117,-0.43516394546222553,1.0441248413645288,-1.9003512317811029,3.5918130129120245
118,0.6932427405002285,0.07032011943238836,-0.27929582855117807,0.7659787788268578
119,-0.4405204937954893,1.8124628395745683,-1.8977425547149798,3.5977710252559407
120,0.9704346553055996,1.6327286110397121,-1.2413639985207037,1.8145674869168125
121,0.8513855331199458,1.1051626650210091,-1.5245404407613066,2.122971572013127
122,0.012481681479906411,1.7036171655144863,-7.789922042722441e-05,0.01248200559442471
123,-0.9155584747026871,1.924790147621601,-1.4021848821128025,4.298486988807032
124,0.9772485362844212,0.22104458810532113,-0.7879026206433558,1.3570756562662787
125,-0.6576155520576131,1.2616636168196076,0.2466463077066916,-0.7176492601727227
126,0.8429441743703885,1.9959880018713172,-0.46199896013574093,1.0027324196882788
127,0.98368367315506,1.9757783386670522,1.1799067290797347,-4.531497347962207
128,-0.9555381160574689,1.2066459845814892,1.2948676122624239,-1.8701132946673313
129,0.9981280906872635,0.25604174090163334,-0.9388418886737171,1.5096000260595257
130,-0.9180448663331114,1.1663856619810564,1.3964765105266888,-1.9784719410349796
131,0.8967054109437352,0.0041292711488434275,-0.557372158597963,1.1122692142590254
132,-0.622035106180463,0.39782266933371924,0.21701064714834084,-0.6713391774433161
133,0.2897669691093019,1.91224631911992,1.9570972278787608,-3.4355760056450855
134,-0.9459295316525461,0.6608811452056877,1.3243721953984262,-1.9011442886272627
135,0.6126457088864528,1.276780211553897,-0.20964233705048718,0.6594037484044789
136,0.7555253064054263,0.5617189892644854,-0.3448805365576544,0.8564555974460407
137,0.6445992382575171,1.895643774223179,-0.23547935146405052,0.70049896728621
138,0.9919573976767055,1.4571174598989736,-0.8734278024428027,1.443883710561313
139,0.9905950673940713,0.6593023151628252,-0.8631737873997264,1.4335395468728718
140,-0.6022894621095487,1.5835228423607417,0.20172222639497817,-0.6463660182369645
141,-0.5611470600434898,0.2163310489526753,-1.8277161210249249,3.737363616995221
142,-0.948415492017325,0.7846378801309188,0.6829699470057526,-1.2481999683380958
143,-0.5683168868325585,0.44243625546318466,0.17719023089115615,-0.6044588388688175
144,-0.5245597669538662,1.3674528945520925,-1.8513736259089222,3.6937905986624995
145,0.2530023284735138,0.20489256354386076,-1.9674656695650654,2.8858103596816096
146,0.939095241089132,0.7940516645653481,-1.343656992019288,1.921604628603731
147,0.5860539381241887,0.5532994604183792,1.8102720417298932,-3.767772821767198
148,-0.7256219508049034,1.0126858386476083,-1.688093587028746,3.9535304929467334
149,0.9011504122735315,0.6997953610077579,-1.4335065564201355,2.019176678277056
150,-0.9999409579195346,1.412821155334022,-1.0108664932229101,4.701522273296606
151,0.1615679175516329,0.04915404861393213,1.986861595168253,-3.3038718923696826
152,-0.32206859521253495,1.267973842611815,-1.9467163355397563,3.4695063522688696
153,0.03932635344057861,0.46114257938764003,1.9992264197493312,-3.1809291508660538
154,0.8862210825595,0.5374180575136986,-0.5367374471996816,1.089123234618487
155,0.3929343880954008,1.600511207167047,1.919566510184061,-3.545413134922431
156,-0.13786710999756444,1.9111367879608416,-1.9904507357667618,3.279900289882571
157,0.2427306588865914,0.6331004200541732,-1.9700937208520015,2.8964129491180755
158,0.606188289479305,1.6536105407381514,-0.20467883361615835,0.6512591183677047
159,-0.7674004220420421,0.2079816759424662,0.3588318533725372,-0.8747768146956805
160,0.7949424734216989,1.2679633060147664,1.6066848143395314,-4.0605054060064685
161,0.9582650267327313,1.5020645990698376,-1.285881336468329,1.8607223499546208
162,-0.42399317584327845,0.3119558560689131,0.09433461651759556,-0.43784990041220617
163,0.8668095268286852,0.8520047753391211,-1.4986393929474795,2.0928247199535677
164,-0.3064672006014307,1.785414328497963,-1.9518812189320274,3.453072070627568
165,-0.9735055706308151,0.20715692689674436,-1.2286632982154568,4.481684600223084
166,-0.21019542501579866,0.0361927164029503,-1.9776593902287378,3.353367499749962
167,0.9939118159825209,1.1811707580958675,1.1101785008535126,-4.601986337927286
168,-0.9686345539353377,0.8710630810618669,0.7515103605329002,-1.319675651928587
169,0.8271305666654045,1.5973784977678054,-1.5620098092451473,2.167609983919216
170,-0.046758217931410904,1.8469110764082133,1.9989062363684984,-3.0948173807171035
171,0.19696895292796662,0.5983072890876322,-0.01959027361900345,0.19826534252206204
172,0.8717059086131389,0.7768082343382106,1.4900293959436943,-4.200265505452348
173,-0.3089858451302772,0.9725441726586297,1.9510666367343186,-2.8274661403106336
174,0.9848023911506664,1.1763029208705986,1.1736785835499874,-4.537825180158395
175,0.3649294367587651,1.9677076593632334,-1.9310351798868455,2.768035641731601
176,-0.5138307332715529,1.394660501660103,1.8578915884572003,-2.6019485154810607
177,-0.993591780558348,0.7790970146911376,0.886971801717927,-1.4575260714378573
178,-0.7789429931204495,0.5275353729009242,-1.6270947404248863,4.03457114007215
179,0.9373806480341358,1.8892514368442481,-1.3483066474977239,1.9265603501127655
180,0.9553143693214923,0.2710968662170128,1.2955917044977403,-4.41231413904353
181,0.018589399555961103,1.440531705009516,1.9998272021825314,-3.1601831239556586
182,0.9106716687676931,1.8507900505848813,-0.5868691348932338,1.144906961164465
183,0.6652751530441365,1.3293311730688773,-0.25340173403489574,0.727862299817884
184,-0.6219971427410643,0.8461088803322423,1.783019510882042,-2.470301960468974
185,-0.8138677291705785,0.397981879850968,-1.5810501866575088,4.092370517899157
186,0.879163460349098,0.7349506445038545,-0.5234796856512831,1.07410383006539
187,0.32955410352717507,1.4137436188402441,-0.055863308175982396,0.33583125663006347
188,0.7495497077560211,1.2990684483505937,-0.3380519388933424,0.8473815635998566
189,0.8264335747026619,1.8559523331967158,-1.5630342321779198,2.168849032077171
190,-0.9797513899930772,1.7337218273187498,1.2002179157983448,-1.7723766620162344
191,-0.8187576898044255,1.6323015045327367,0.42586077874254213,-0.9592438896962951
192,-0.3957959463773554,1.8229017507015246,1.9183384827128034,-2.7346582398387365
193,-0.18299438661825349,0.5526743054740988,1.9831139580263364,-2.957561242114294
194,-0.865685655471022,0.739047080279299,-1.50058800016751,4.188111107494993
195,0.7732049639269676,0.7597878075720348,-1.6341561982340762,2.257713053665308
196,-0.08980246836615363,1.1209011774195605,0.004040404094952321,-0.08992361026063654
197,-0.5417654114605998,1.336436459085542,1.8405297370973421,-2.5690566067051455
198,-0.7355356846423821,0.5734333660807887,1.677485982598653,-2.315135616816252
199,0.8541345382579512,0.03892493461860069,1.5200521036923864,-4.165477029082274
200,-0.5794948681999074,0.7984447673158186,0.18502411217878845,-0.6181087420327092
201,-0.9794690440124854,0.617055919108801,1.2015946225008693,-1.7737820235080215
202,0.9611390031484587,1.8843694380360958,-1.2760648775682757,1.8504937861285118
203,-0.9136448629992265,1.776530081088087,0.593486698477006,-1.1521617707808192
204,-0.12162657042018278,1.7206213566868391,1.9925759302782957,-3.0196641984475137
205,0.9730723142372136,1.305999521890486,1.2305000461280504,-4.479797444942258
206,0.805775322956693,0.6885783293978778,1.5922213512817966,-4.0785761359000015
207,0.9928157293094843,1.0976985347986095,-1.1196533644979398,1.6907370579905903
208,-0.42267684997973504,1.6304500814327454,0.09371953541345235,-0.4363969589422629
209,0.3379622850308031,0.19722073744562207,-0.058840346223469786,0.34475094267981543
210,-0.5621194401354804,1.6021497605106094,-1.8270560652227719,3.7385388603165084
211,-0.9958575136921152,0.08235958265624332,-1.0909275119144846,4.621335704731315
212,-0.4559235306949584,1.6328420624287114,1.8900189515727424,-2.6681830620686124
213,0.9994281423373563,1.615127608319747,-0.9661859747427037,1.5369758544597025
214,-0.7900917172438605,0.10201461765751163,1.612988644546249,-2.2306340475349806
215,0.9811190862408373,1.2543214229237165,1.1934045982233732,-4.51775789575223
216,0.6491231925796443,1.0049061486257944,-1.7606832986566814,2.4351614422081265
217,-0.9921349475546959,0.33963900634342936,1.1251728638349419,-1.6962983902448843
218,-0.8904472113231351,0.2967578753547513,0.5449134545530355,-1.098326921842584
219,0.7395282043794903,1.5465182521340464,-0.32687442855939075,0.8323691853787898
220,0.02153280439639018,1.1353854976736881,-1.9997681422884142,3.120058184856796
221,0.937587005868534,1.965998269833065,-0.6522492179354913,1.2156252368172618
222,-0.3621347110114516,1.9644955545766882,-1.9321257699906447,3.5121496845268747
223,-0.8453802441127554,1.9853339869285327,1.534164995917795,-2.1343160393102756
224,0.32647084771335544,0.23723103673153179,-1.9452072712338406,2.809025231536222
225,-0.17783036140916111,1.8765122739279245,1.9840611579373952,-2.9628114237633394
226,-0.9026415910624477,0.4891392180411256,-1.430393027457756,4.267460829449432
227,0.9808068304222282,0.916424519517224,-1.1949819514650075,1.7670353752025196
228,-0.4442309496548198,1.5148131116434518,1.8959123078565094,-2.6812769747482204
229,-0.8794834824597777,0.40724186415446395,-1.475929410816795,4.216368481536397
230,0.822520074102611,1.1326232111086598,-1.5687360791247864,2.175764719763018
231,-0.7328812571789689,0.3716334964519914,1.6803565703921541,-2.3190453839335157
232,-0.42559716366299255,0.2094722133625866,1.9049127329649065,-2.701970957323509
233,0.17069766985531531,0.23311722485919706,-0.014676547774302828,0.1715376875239832
234,0.9708928699610112,0.7152780696964376,1.239514164630969,-4.470523560850902
235,-0.3751541527791872,0.00930967367436697,1.9269624381022838,-2.7570295858481613
236,-0.6516993291839338,0.849707842403379,0.24152258811404892,-0.7098227342364806
237,-0.9268448707417206,1.328394210162298,0.6245554826878369,-1.1859199961491687
238,-0.3365902758075855,0.8033763700079775,0.05834879799802006,-0.34329353767690945
239,-0.8653220664656162,0.17158920103967024,1.5012162420429687,-2.0958000680211852
240,0.729727414145541,0.1253777240472811,-0.31626181835115996,0.8179231958387234
241,-0.2837145637877836,0.5562330255297234,-1.9589087789225355,3.4292582956076596
242,0.4467100265896153,0.3386253810872015,1.8946787983093738,-3.604677334625399
243,0.16306281435303835,1.9301899464359389,-0.013384310597451266,0.16379422608394467
244,0.32033561347057743,0.30246044994817,1.9473041194581753,-3.467676402382342
245,0.890179187620865,1.6109248748099931,-1.455610594616342,2.0438543438834307
246,-0.830282421775307,1.1722158834822896,0.4426571072571829,-0.9796142222176373
247,0.5782493953939971,1.1385738399685887,-0.18413994047601712,0.6165813381686958
248,-0.15593645422657648,1.0241614318475691,1.9877670890666699,-2.9850172193808198
249,0.2041921086898291,1.9435261522279021,1.9789308365501626,-3.347231010458401
250,-0.112329325171044,0.7276895501832756,0.006328966555521509,-0.11256690290934776
251,-0.9780354087531808,1.5758315019077525,0.7915611858961998,-1.360817886127569
252,-0.846502267492179,1.1105882149339192,-1.5323851154292347,4.1509732908374986
253,0.5979660188399878,0.7912673352514523,-1.8015214534325674,2.500631604515428
254,0.7159565309414114,1.9109318666115618,-1.6981448601847182,2.3435994040125734
255,-0.6157805651952122,1.1966319387293742,-1.7879176959098362,3.804968905485023
256,0.7065127265694605,0.23783388429202712,1.7077003371451696,-3.926151049397047
257,0.4723036210334809,0.8350784019937132,-0.11856407518262446,0.49190244024281604
258,0.7146811853496419,1.5631634553632152,-0.30054964199935474,0.7961681929067648
259,-0.9363395316852573,1.3874940464784276,-1.3510958293734534,4.353647799809545
260,-0.925604360082631,1.8326806596731484,1.3784924947684207,-1.9589634085769936
261,-0.6434230134654854,0.5187547682830405,1.7655108266660857,-2.4426312031186073
262,0.5855417469835168,1.5163874327076476,1.8106422531175457,-3.7671408437221494
263,0.9880353536071103,0.9197504147890418,1.1542275592184241,-4.557543369507359
264,-0.787428339018247,1.1472194939336309,-1.61640620609381,4.048218438407366
265,0.9995309567008747,1.910093362012566,-1.030624607697637,1.6014257234800524
266,0.43864451034226004,1.9585726399783547,-1.8986606665180128,2.6875028806848786
267,-0.8840452470200318,1.7231819278511271,1.467401327791536,-2.057145288789644
268,0.7273116336493471,0.7181941754605925,-0.31369264352018067,0.8143966298593112
269,0.8237716889190163,1.7754016714546397,1.5669216917136892,-4.109624797772526
270,-0.1350428585156923,1.277218355282826,0.00916024183326658,-0.1354567170786383
271,-0.9775902956951618,0.8599935609414262,-1.2105165403540687,4.500285669437957
272,-0.3957511960381931,0.07148536500096747,-1.9183577684292432,3.5484783381738736
273,-0.9989659456453305,1.5402562483831643,0.9545352945579687,-1.525315943875913
274,-0.9351221212804304,1.004211161448226,-1.3543255823278755,4.3501962198716315
275,-0.5752747916638947,1.5723769989301215,1.8179602154604235,-2.5286525977444625
276,-0.8880735873657487,1.4960455986865397,-1.459701319797246,4.234730134862165
277,-0.8512140303329981,1.5871347360967039,-1.5248187063779775,4.159886863692783
278,0.31615580568522683,0.6013023173935337,-1.9487072817953517,2.8199179510839962
279,0.9423024318994228,1.601597198135262,-0.6652372081063463,1.2294428404099684
280,-0.37647493145952576,1.0976926569323346,-1.92642680551814,3.5275809788279857
281,-0.9286863201874944,0.9466524008982864,1.3708661735675156,-1.950737860897234
282,-0.14659270096243918,1.3502518276415139,-1.989196936926382,3.2887155296657022
283,0.8961258793484429,0.04271736587669661,-0.5562000356444583,1.1109616480726805
284,0.9922282517854462,0.20463363177518845,1.1244310908044983,-4.587634535108775
285,-0.9914309599946843,0.584354730335044,0.8693682597374639,-1.4397901733366876
286,0.17371581409193004,1.9659802199156793,1.9847958244907307,-3.3161942590310227
287,-0.9853718431059947,0.27949155772990997,-1.170418105886361,4.54113501401003
288,-0.20244605428141552,0.6611926015184206,0.02070658375240464,-0.20385505350772912
289,-0.024583324168631165,0.10210612938384722,0.0003022155807186344,-0.02458580095590644
290,0.9673348561522157,0.6625377605854526,-0.7464979761955102,1.314497498687736
291,-0.9453156084767076,0.6406525730216632,0.6738429820311818,-1.2385609078554083
292,0.2768761765432431,1.8936143418890443,1.9609056055944283,-3.4221343169789167
293,0.10550780355121596,1.6903081739914407,-1.9944184749841476,3.0358881125821164
294,-0.21674414205755274,0.765528438485543,1.976228445028998,-2.92311456438549
295,0.10647667115573219,0.04953811607849734,-0.005684799221296166,0.10667889724217201
296,-0.5169994612311953,1.6620622279907564,1.8559857224782745,-2.5982507894783007
297,0.6040982202441084,1.3210723542890803,1.796909869620085,-3.7902264393424763
298,-0.2686410836662782,0.30472896730261945,-1.9632403480786131,3.4135746309735
299,-0.967605808314844,1.9921425420203744,-1.2524658387096703,4.457161177363515
300,-0.9326435278956697,0.2004668748482461,-1.360799182197409,4.343264328870857
301,-0.6366163513585886,1.7342290831873257,-1.771180667018357,3.83169530888936
302,0.5301329822563985,0.588532328259378,-1.8479145128631407,2.5828352614257644
303,-0.9999984272304373,0.8707069326503141,1.0017735660832803,-1.572569893807981
304,0.721823638829913,1.5909130535526292,1.6920770437070884,-3.9480263874380555
305,-0.7670505818581591,1.3550167119880205,0.358413369161218,-0.8742313633259333
306,-0.5793727424829399,1.8757287488880783,1.8150627124754248,-2.523633755513806
307,0.3165875145767977,1.2422806509207664,1.948563306065592,-3.4637224402431888
308,0.8758802257862569,0.1956203229581055,1.4825285795438605,-4.2088496549742
309,0.8496998952310284,1.7687207264839007,-1.5272666195051412,2.1261767918856433
310,0.9942058233515357,1.5383110499771822,1.1074931663590524,-4.6046877201878935
311,0.5575480168576619,1.423740901786644,-1.8301446915436421,2.550163475097448
312,0.18478866712712635,0.10746709470747073,1.9827782804383602,-3.3274494754062416
313,0.7320446041161021,0.792445489323488,1.6812567046161817,-3.9629110090265516
314,0.6641136316139342,0.33487163891907845,1.7476316501490234,-3.8679002780746177
315,0.9987142164585452,1.643807816815738,-1.0506943176657324,1.6215123829478688
316,-0.6755682459062127,1.4010572456357255,1.737297460407401,-2.399857508668123
317,-0.6808319396002758,1.7661551946382705,0.2675603301157655,-0.7488978831843891
318,0.514726076470878,1.9331502138483279,-0.14264530898764205,0.5406881201056298
319,-0.2537179993037461,1.5494952283849972,-1.9672782313426187,3.398114756831145
320,0.8424157045607363,1.9884661664415242,-1.53882815508234,2.1398417633208595
321,-0.828813703498637,1.2295397722885977,1.5595246597719115,-2.164608496909899
322,0.3255564110314772,0.07425920778289563,1.9455226191034796,-3.4731927914054066
323,0.866878190457834,0.02850303030059176,1.4985200125456863,-4.190498305686401
324,-0.955604283137325,0.6842077504075774,1.2946531079924308,-1.8698888171305632
325,-0.7830838184659497,1.6469434381350743,1.621916178642096,-2.241983624312911
326,-0.4016935610268299,1.732269412649462,0.0842258558849871,-0.4133654193906762
327,0.987764885447748,1.9216250576453557,-1.1559504122354198,1.7273858918901561
328,0.9629852207732174,0.1302429370976368,-1.2695541959835865,1.8437263886227897
329,-0.8917989284960631,0.08914222197532817,1.4524319519367235,-2.0402868036543307
330,-0.9051199548943505,1.8265671927340674,0.5748437143213699,-1.1316617797150341
331,-0.13608767119642762,0.6100933967257232,1.9906967980912893,-3.0050813886345487
332,0.40969096768129876,1.1159748012192654,-1.9122243753596815,2.719477385065387
333,0.859870437436784,1.9648897660014197,1.5105123219103271,-4.1766084825045535
334,0.9594198026093379,0.8008970694718467,-1.281981634793933,1.8566552621420187
335,0.49249170641605483,1.3317427966196798,-1.87031713708935,2.626642225433607
336,0.5030186886125688,0.8017591272639706,-1.864275534136245,2.6145046750628973
337,-0.7670328589202017,1.5363893289255595,1.641607818949163,-2.2673889134163123
338,-0.9281023067996795,1.0554294511457316,0.6276747280762244,-1.1892831565518407
339,0.7349596063635648,0.47504627597269944,-0.321889111565141,0.8256071111703649
340,-0.8417353762114413,0.5426122025169324,1.539890318892813,-2.1411031271993988
341,-0.9381278209311021,0.5161184250768145,0.6537108266274241,-1.2171836916263004
342,-0.2824973539589078,1.0646406565171216,1.9592680777583582,-2.855196143415799
343,-0.36938709428068195,1.4063780320313286,0.07072438180113938,-0.3783493820309456
344,0.9129008519940165,1.8985598000862842,1.408181374426368,-4.291927946745711
345,0.31084600937950113,1.3881747501659598,-1.9504602876779433,2.8255096456305213
346,0.7483021554724605,1.5623856879247813,1.663358036142828,-3.9870915548859562
347,0.1765862342554819,0.33785223172913126,-0.015714826957416772,0.17751709559517773
348,-0.9689184607369826,0.7481252500146514,1.2473803073065362,-1.820771916049666
349,0.667484232837038,0.8275604397165321,-0.2553760688012029,0.7308250751590152
350,-0.9277972159944469,1.372760460000946,-1.3730848777328744,4.3300572251295115
351,0.980298528836049,0.5917839527537472,-0.8024783698885659,1.371967231692756
352,0.9449733795187716,0.6065838428393322,1.3271472329103084,-4.379105875237216
353,-0.6099056708472045,0.7117783092817362,0.207525979814845,-0.6559415542477383
354,0.09426643659814668,1.6206041630864645,-0.004452995117213199,0.09440660896532638
355,0.33439655809433855,1.1551801800866974,-0.05756753985515772,0.3409648547569453
356,0.9903844215094776,0.15055455966546893,-1.138342681885734,1.7095841361876771
357,-0.8651679875842795,0.1564921993809376,1.5014821564715617,-2.096107396486758
358,0.34882223479916236,0.7425738885649986,1.9371889075899897,-3.4979067629654352
359,-0.8476328840762357,1.5331821012123166,0.4694168360825961,-1.0115079183334295
360,-0.9167751303066755,1.377366852957361,-1.3994037561806074,4.301522597376277
361,-0.19167722859701022,1.4159647093023733,1.9814580174604361,-2.9487218760322076
362,-0.6177407025155155,1.5344201321081938,-1.786381856641948,3.8074590749120985
363,0.40123189889999006,0.5743054257726588,-0.08402349194692327,0.41286135283934905
364,-0.3950297949879136,1.096512563884176,0.08133169148391373,-0.4061002836338709
365,-0.443108140365689,1.086705280633539,-1.8964681678351223,3.6006554632359165
366,-0.3803257310582451,1.4792650023598986,0.07514739644902801,-0.3901484687865986
367,0.8567128037646775,1.9137411382112928,-1.5157937299596276,2.112730201054232
368,-0.8143822539597702,0.5559798895909318,0.41967117559490086,-0.9516639226083824
369,-0.6181885367620984,1.5865633455140964,-1.786029855041102,3.8080286893853903
370,0.9758652945031634,1.3199410970465248,-1.2183733660139306,1.790943622293036
371,0.9521512158187563,1.1604757417269203,-1.3056273257005402,1.8813935373837793
372,-0.9986010876522993,1.5497595586948039,1.0528759656143027,-1.6236969624946644
373,0.6605198677819996,1.8880649328561987,-1.750808566989782,2.4200816928629076
374,0.9586856400969608,0.07338283573882598,-0.71553235074638,1.2823452366972379
375,-0.6375712016972109,0.29480020502644133,1.7703914347696075,-2.450251197697762
376,0.05772147021065428,1.5125744630022315,1.9983327260371266,-3.1993462243777775
377,0.3411770699776951,0.1675827058201691,-1.939999046234322,2.793423836790887
378,-0.9268563704986437,1.032247401482186,-1.3754161270724543,4.327543280607707
379,-0.3843764227025022,0.43972155328321394,0.07682354575605244,-0.3945322582515081
380,0.7562127381927497,0.548591407685503,-0.34567416786816074,0.8575055561216632
381,-0.22784494649356188,1.4036809658888325,-1.973697427519117,3.3714564930635595
382,-0.39232644375742803,0.06038554653742323,0.08017395039678854,-0.4031594540683913
383,-0.8988875021207987,1.7466388558038073,-1.438179482097269,4.258816610287366
384,0.6548150493360776,0.88895791070454,-0.24421084212394906,0.7139378825431835
385,0.11815708833092957,1.0047865878142022,-1.9929949156350988,3.0231588897252046
386,-0.6530982755590852,1.0800959273873838,-1.757273162380491,3.8532612666953785
387,0.16706366266625414,1.2910885891589878,-1.9859461104018497,2.9737419332277994
388,0.06829719783180445,0.6897131732454962,1.9976650203191066,-3.209943058643094
389,0.9373133600580095,0.20221498112698266,-0.6515123172093964,1.2148391676462889
390,-0.8176024033013978,0.6367578733323531,0.4242167854862575,-0.9572345609304701
391,0.8303528947640216,0.3362842360456406,1.5572378936836668,-4.121333332300273
392,-0.6563564579691218,1.1122663589009478,0.24554907377468982,-0.7159791581178973
393,-0.762548613559374,0.6360572619207729,1.64693091745462,-2.2743490879632082
394,-0.1474760220391097,1.9161343559868698,-1.9890656312517994,3.289608556741254
395,0.9511400876061699,1.9314685559605613,1.3087596698866735,-4.398500270115733
396,-0.9262043680827861,1.240251761136483,-1.377021840938117,4.325810241392808
397,-0.9785119427021706,1.234994535334572,0.7938098499219131,-1.3631164893624543
398,-0.9758339937583008,1.9707571291342119,0.781486804458576,-1.350505741264225
399,0.9881818988994183,1.774566302470372,1.153285794147859,-4.558496468158916
400,-0.17408569534809729,1.53013989831628,1.9847305066235987,-2.9666154438766377
401,-0.8019828460630767,0.6271812234854024,0.40265293620829823,-0.9306072806615151
402,-0.7860442857910636,0.7310780562361527,-1.6181701875496883,4.045976288542069
403,0.5907174571520946,0.4025335315217309,1.806878482682345,-3.773540381471672
404,-0.8700360419707561,0.9742962538347493,-1.4929881191995003,4.196868078630437
405,-0.3341984995729349,1.9807370442791592,-1.942502712400977,3.482347359452963
406,-0.41869628227066363,1.8243019060231775,0.09187367441928829,-0.4320092314002003
407,-0.9980469245793727,0.23669886803893814,1.0624686828551395,-1.6333057101312696
408,-0.5832836462689857,0.0503805785810123,1.8122685442605524,-2.5188272402569756
409,0.881393676725748,1.7972753368165324,-0.5276175419981519,1.0788044428891814
410,0.951807251799344,1.0743402558974149,1.3066968461236277,-4.400668299584893
411,0.9892026802294498,0.40037977641691236,1.146553940332128,-4.565305288131877
412,-0.6218356804426934,1.3473065391692707,0.21685225753477877,-0.6710845053111151
413,0.8011493737054357,1.28844635585964,1.598464435878514,-4.070805948287962
414,-0.7199231224854525,0.24417121367293437,1.69405381470805,-2.337901106948456
415,-0.49131264192987767,0.519200466995239,1.8709832879452302,-2.627996459647336
416,-0.7280509308236597,0.12015592862651592,1.6855230427394856,-2.3261181979246643
417,0.3293639622215339,0.4197209477402839,1.944203039811741,-3.4772225255835933
418,0.9935727242649838,0.26461134970612576,1.1131955900053467,-4.59895025208797
419,0.46389110026949326,0.3864725849491122,1.885892232210419,-3.6239751218964744
420,0.8986359188491166,1.370934291826234,-0.5613047921914307,1.1166501386419827
421,-0.9707095837428371,0.09899948852213547,-1.2402559136208886,4.469759502325513
422,-0.995862700317817,0.20370923049643297,-1.0908706889800333,4.62139276388454
423,-0.7559767400718534,0.2683472761565753,0.34540152118238676,-0.857144957550203
424,0.03497990611742231,0.633082241916268,1.9993880158216908,-3.1765796971708196
425,0.9656150195452163,0.5975006217038819,-0.7400237818016975,1.3077987526256933
426,-0.09124287603642883,0.5101275706332788,0.004171331215755303,-0.09136995618475899
427,-0.9950230660791752,1.5010733068648325,-1.0996448592271437,4.61257848273536
428,0.8164977681664443,1.9960455755162012,1.5773485901768667,-4.096911328075073
429,0.4548207771678012,1.0679558472575916,-1.890582989202285,2.6694216919509204
430,-0.9116558388348032,1.8884054358278841,1.4109545370456584,-1.994297178815819
431,-0.6476686103304599,0.7932202242521293,1.7619221555989895,-2.437072090567639
432,0.9992307268491248,0.21336489360542688,-0.9607832367402716,1.5315695043054354
433,-0.6803899149980419,0.8175476589396746,1.7328503009271112,-2.393298097525129
434,0.9999710366998004,0.5922555468293866,-0.9923891024493479,1.5631853557644897
435,0.16240638820192646,0.9868139245783563,-0.013276044138379572,0.16312893146172883
436,-0.6559529370983862,1.3140873538328464,0.24519820859248054,-0.715444428769517
437,0.49290072336760615,0.9221004383048164,-0.1299144427680169,0.5154204537949144
438,-0.9063654651209352,1.8703210241556512,1.4224945486466196,-2.006992141840811
439,0.9300951924996111,1.7695296445987598,-1.3673185713915257,1.9469207389339798
440,-0.7190644128707306,1.4039551903323944,0.3050565705448598,-0.8024551014159332
441,-0.9672916528155101,0.9793698247290983,0.746333174432606,-1.3143271280640092
442,0.04405994072776921,0.26337456362891376,-1.9990288892835208,3.0975184449593822
443,-0.7602033998824447,0.7940273335552668,-1.6496851474423375,4.005218785832667
444,0.9074554770143481,1.4088030788023473,1.4201482562580283,-4.278780290699829
445,-0.5823865586934001,0.5697710411074624,1.8129119855514857,-2.5199312252826593
446,-0.9897750869574736,0.20797615508684086,0.8573631280547501,-1.4276713078899397
447,0.17224031185820432,1.8157969150212563,-1.9850549603808858,2.9684891331498306
448,-0.9906656342059718,1.4181016196310892,-1.136314347019233,4.575648907395013
449,-0.9575448011037754,1.2305528532701944,-1.2882845016283937,4.4199541864015774
450,-0.6248626439782637,1.5849978112178331,-1.780734702802747,3.816548242388974
451,-0.9405277992960943,1.6712920751669513,1.339716733104576,-1.9174120292811385
452,-0.9971668767939499,0.9669179963420467,-1.0752211394821924,4.637096723383474
453,-0.7032312028070543,1.76237650281888,1.710961233400629,-2.3616604744616545
454,0.5418648301222663,1.8328380214022109,1.8404656482430246,-3.7142469859407994
455,-0.8950465526808555,0.5431021908495628,-1.4459727217376825,4.250128230026284
456,-0.5884478193543983,1.2150907195815885,1.8085351964491425,-2.5124549010518176
457,0.976390869750091,1.0531680576409383,-1.2160112716241,1.788523762358224
458,0.8525267560216407,1.075891558303805,1.5226835852284037,-4.162393254393692
459,0.8233056715544973,1.875326187929124,-1.5675982480471538,2.1743820328055956
460,-0.4403923088410373,0.610377405386058,-1.8978054434640392,3.59762824438418
461,-0.8397707902833502,1.9668679564691525,1.5429410831636132,-2.144731732296655
462,-0.9085758177994321,1.8042624296084642,0.5822800180622272,-1.1398619003564923
463,-0.9263976483201251,0.9174457772270053,0.6234533266818815,-1.1847305610216246
464,0.7151359385787959,1.6349065272363323,-1.698985399956984,2.344774086562463
465,-0.6213653870832764,1.5380939886402811,1.7835209350967274,-2.471108521991418
466,-0.048861510302333266,1.3557899392370425,1.9988055630656925,-3.0927116799905465
467,-0.45992874600572237,0.6396677787663085,0.1120441741856728,-0.4779149518747572
468,-0.9632232765169356,0.39290198364190787,1.2687022879991516,-1.8428418447843757
469,-0.05516149788281582,1.3430553935315164,-1.9984774454895433,3.1967821639960574
470,-0.6208821999919208,1.6859465928021684,1.783903880417231,-2.4717250581994294
471,0.022518202799803155,0.03250557735473936,-0.0002535668767470467,0.022520106282986636
472,-0.8571236450380796,1.2856067506170241,-1.515110723162153,4.171252156231032
473,0.9529727659592416,0.8857460492444249,-0.6969440524589685,1.2628985484977153
474,-0.3145935569690921,1.7961755102539672,-1.9492264713510337,3.461621093826727
475,-0.8453852174078966,0.6429458617084105,-1.5341571249999415,4.148878578347946
476,0.7019911653846868,0.9483696245272435,-1.7121856525666952,2.363403143641867
477,0.9522864872901845,1.0295342080703727,-1.305205580100563,1.880950629125458
478,-0.9547680964202987,0.28087904274210596,-1.2973514453604675,4.410471558530475
479,-0.9986079172944677,1.4257846053978127,-1.0527468247082747,4.659617666058427
480,-0.4386266902248728,1.6609526902419192,0.10133063553808985,-0.4540699433610028
481,0.7851042353039686,0.11581855379252048,1.6193636570769798,-4.044457056869548
482,-0.9278933799522682,0.5827776410738055,1.3728456455971503,-1.9528702458192708
483,0.13447839221330912,0.07608936307011582,1.9909165262663264,-3.2764797079994623
484,-0.7016229331213272,1.9130882093764847,0.2874515737732447,-0.7776725962857327
485,0.3272799532433835,1.334337641407647,1.9449274216599965,-3.4750162109057343
486,0.8312136731689502,1.928400838909563,-0.44404691786358297,0.9812871846597141
487,-0.8932431184237987,1.0629885566626156,0.5504260557054851,-1.1045080212288456
488,-0.5520589062197735,1.6041370477912278,-1.833805111559906,3.7264241682388333
489,-0.954287930411138,0.74882796775948,-1.2988888520363835,4.408860912931866
490,0.4276394527855469,0.7076380651452818,-0.09605061069699372,0.4418797879468095
491,-0.8517701676410262,0.7565356342102654,1.5239156244251342,-2.1222378559966018
492,0.7638458883272091,1.3157242674528564,-0.35460131787737836,0.8692512180590901
493,-0.5628197213502292,0.7189063020433044,-1.826579676292159,3.7393858197227505
494,-0.7701125102379562,1.8007349032084512,0.36209191761273807,-0.8790175066419393
495,0.4713547059321789,1.9665497301003105,-0.11805627095852134,0.4908261944013365
496,-0.8357354346462206,0.06085303067401182,1.5491323003399935,-2.15212196326828
497,-0.40769562115267555,0.38724658080499297,0.08688211029849269,-0.4199289982867199
498,-0.7994193585247334,0.224499985174772,0.3992265907882544,-0.9263281055962981
499,-0.6964549442569579,0.08472809418288652,1.717600523007082,-2.3711472295123506
500,0.055261200153519124,0.45548198669457296,-0.0015280676165240203,0.055289364986180124
501,-0.9766934339972625,0.8935866407381623,1.2146390830828229,-1.7871186122447669
502,-0.9308083432859791,1.6739807305773675,0.6344923693420192,-1.1966182166828154
503,0.23317447666535673,0.4436480610199922,-0.02756508524640222,0.23534087382865423
504,0.7031302571993453,0.9878905113244025,-1.7110610672866167,2.361802449179619
505,-0.9999986532976367,1.8592374788935089,0.9983588409848517,-1.5691551670430304
506,-0.7552330115995671,1.3344294135733499,-1.6554564044925093,3.9976021955144954
507,-0.2697941053482082,1.596158039511995,-1.962918034268421,3.4147718549970008
508,0.8965424118551544,1.1019879403709725,1.4429579029038118,-4.25349375197119
509,-0.7309603379665428,1.96093291768126,1.6824199471878276,-2.3218645078550737
510,-0.4861344181510781,1.1773243093629484,0.12611595306418788,-0.507660833157695
511,0.5519506671984566,0.09102142792518308,1.8338767660626951,-3.726294360482789
512,-0.9898333214862746,0.3959655998795897,0.8577678106916391,-1.4280801590844745
513,0.7699270244658397,0.8095472579142959,-1.6381319432509065,2.2628658678767954
514,0.9914953160203631,1.2025543451475527,-1.130142377070961,1.701308903474625
515,0.9141661920873146,1.5438617348179198,-0.5946604223067049,1.153446065090237
516,0.9157654255792407,0.8261722518077725,-1.4017134368099633,1.9841834500935434
517,-0.3528019497643386,1.4201166100313773,1.9356980197918991,-2.781028731887289
518,-0.9968940352740935,1.57973900621825,0.9212454291171963,-1.4919601181711186
519,0.9959302380263237,0.6345203944999656,-1.090127470755759,1.6610462627199198
520,-0.4192424913128643,1.958540480071637,-1.9078742938743134,3.5742034365752495
521,0.4001274953187349,1.2993129904716711,-0.08354051508538807,0.41165595908833025
522,-0.8882792752601282,1.7619961215722624,1.4593037438812595,-2.0480075406359997
523,0.9596727314015896,1.1118753776172134,1.2811196339713975,-4.427428387091729
524,0.9164892421939128,1.4832062143046474,-1.4000593317782095,1.9823779100542842
525,0.9972405847526754,1.5410881232327307,1.0742375654378697,-4.638083055397916
526,-0.9320287571952882,1.816496758469158,0.6376156794768757,-1.1999714966957384
527,0.28384959908876956,0.3006995137427406,-0.04113118462578791,0.28780646679459165
528,-0.742445920145087,1.116566848338497,-1.6699060050931884,3.9783068018515877
529,0.664877727722355,0.8567570262117126,1.746952212111831,-3.86892276474953
530,-0.7748468125588446,1.8463180423474805,0.36785095343946084,-0.8864727309544618
531,0.973860617163231,0.2101893884979984,1.227146424885911,-4.48324247160061
532,-0.996179575710668,1.9651477773618256,0.9126715800159336,-1.4833565260445662
533,0.9135793287866796,1.7509026481865926,-0.5933394412858801,1.1520005894748042
534,-0.8720410166133049,0.14765256312849706,1.489432799620166,-2.082235532362666
535,-0.3949839459270466,0.9819327710809489,1.9186880223775098,-2.7355422775977734
536,0.4620621418609692,1.4351190004250518,1.886847550066444,-3.6219116969337404
537,0.6646532838228352,1.476303091382113,-0.25284806611806077,0.7270296717312894
538,0.9638828062679999,1.8129882504758417,-1.2663267462740557,1.8403764480497913
539,0.998757170832971,1.5997308711646219,-1.0498408839179207,1.620657868884428
540,-0.8860818633594005,0.621860760688179,-1.463528781658197,4.230415455535086
541,0.9996754739307177,0.9968695717249048,1.0254744346629114,-4.68691178965796
542,0.9832109646614394,1.403571525871708,-0.8175275391476248,1.3872957795195089
543,0.811184355135524,0.27687368272870283,-0.4152094888052952,0.9461745436301674
544,0.7422026766124038,0.38798159520039466,-0.32982451042328964,0.8363511202952427
545,-0.9390700941393206,0.9620848962197452,-1.3437257021131348,4.361507511328513
546,0.9873842434735735,0.5964915974110254,1.1583425266317264,-4.5533772050454395
547,0.9607766732102782,1.7251184995681899,-1.2773232486016821,1.8518032825534239
548,0.18418344443790693,1.172554643041236,-1.9828918856084776,2.956351624474021
549,0.09229909439459515,0.6973303954367354,-0.004268672194181922,0.09243065057603808
550,-0.9999822863702219,1.6976660512088202,0.9940479460869751,-1.564844237737463
551,0.38986841194032545,1.6097568971084777,-1.9208705779701774,2.7411039604922145
552,0.608606614315196,1.996709754198539,1.7934721097882358,-3.795895998043478
553,-0.5195303805730929,1.6946153766674696,0.1455480214420607,-0.5463012440330525
554,0.18694038715772712,0.8289130696113594,-0.017628740419733613,0.18804670012025132
555,0.9671060703709947,0.25499776353997694,-1.254373443290711,1.8279961071258526
556,0.6550270980255679,1.6812818164009558,1.7556053869925776,-3.8558111361772456
557,-0.5444945663473958,0.11951583592078796,1.8387643693065183,-2.5658062499348384
558,-0.7482284874547078,0.7005424146897083,0.3365588718196315,-0.8453878550735577
559,0.9176098580271457,1.8394759615425476,-0.6025177381927571,1.1620249169603942
560,-0.48418091101035265,1.9215329468902014,-1.8749679110762778,3.647019442500018
561,0.9000613367507855,1.2811291870424368,-0.5642367729071334,1.1199102516039994
562,0.3078682083664966,1.377296633967427,1.9514290127367377,-3.4545442505052564
563,-0.9832970933026134,0.08490897745104498,-1.1820077644020486,4.529361043877201
564,-0.35452436720859204,1.0289606821790958,-1.9350467758649015,3.50399799905202
565,0.025639759596248802,1.0937363576126824,-0.00032875267523746476,0.02564256967896773
566,-0.7439373944046082,0.6802014922482222,-1.6682493196453572,3.980535950612334
567,0.3801928482092098,0.13719366950776868,-0.07509276239691542,0.39000479300139634
568,-0.7499411070550763,0.457815199448788,-1.6615046000966331,3.9895656993017314
569,0.032377545064922,0.7159678737223927,-1.9994757098477027,3.109209448928601
570,-0.9556628851724046,0.8702839730326593,-1.2944629856263015,4.4134954390695
571,-0.7275658605195124,1.1818534510671383,-1.6860378405062661,3.9563597833318096
572,0.9428844111690085,1.4447830373964727,1.3331200792123947,-4.37277825204152
573,-0.07631673014400545,0.6352637465478923,1.9970836257306241,-3.0652016474091686
574,-0.8648648315388419,0.6579075198379662,0.497995196071501,-1.044881051870325
575,-0.8999923107641011,0.039383285447407435,-1.4359057702824014,4.261344528592702
576,-0.9511407065282562,0.08174972018803661,1.3087577632788032,-1.8846830325144979
577,0.05839118117249939,0.5156433886170728,1.9982937793862487,-3.200017066856238
578,-0.4787611147464317,1.4804899953499133,-1.877945211847957,3.640835703074984
579,-0.4840006071353274,1.2566276607478244,0.12493233844882912,-0.5052207315280695
580,-0.6461615565256412,1.5395780413556694,-1.7632006570151526,3.844136912406364
581,0.060622565347754565,1.5378388724296435,1.9981607608850678,-3.202252412766803
582,0.9986326899639991,1.7131349353386025,-0.9477242835030718,1.518496771555543
583,-0.5337263012684148,1.4406385319737671,0.15434271993062265,-0.5630008657916777
584,0.7512312420650833,1.9580218380016456,1.6600391056182597,-3.991518165337598
585,0.9608270654781802,1.7976504386036347,-1.2771486067881073,1.851621515824334
586,-0.6895604910665909,1.1734343324464684,1.7242280919434168,-2.3807106416575023
587,0.9311043201233639,1.1763153409823435,1.36475299182818,-4.339021476272889
588,0.8446091056854974,0.06853408070445899,1.5353834687335277,-4.147427279368325
589,0.8388377343112718,1.9970531554167086,1.544381534859084,-4.136737330361597
590,-0.6451349864290425,0.26315199473228357,-1.764068615560932,3.842792591584318
591,0.7712101543850449,1.480694393263184,-1.6365806294362053,2.260852661898724
592,-0.572913914936695,1.6420303902486177,-1.819615547724608,3.751649331279918
593,0.9984461685388422,0.7461090586104064,-1.055724756886916,1.6265499639260947
594,0.2693831111358258,0.3937041093306275,-0.03696690636573485,0.2727524053164975
595,-0.9631674326523942,0.19751977358111006,1.2689023924731715,-1.8430495954471544
596,-0.999815583342003,1.4972120116591556,-1.019204148158408,4.693183651617584
597,-0.9632465724084965,0.9053070584113914,0.7313812353105555,-1.2988375200609312
598,-0.2731125740339109,1.4274355180022713,0.03801792017492789,-0.27662713657416815
599,-0.9117448783522824,1.8308152977036012,0.5892430441266004,-1.1475121919986886
600,-0.9814420343733709,0.2931674723021134,-1.1917590497605242,4.519434835196246
601,-0.07524897789735245,1.8383420014475993,1.9971647764163172,-3.0662724790502747
602,-0.9987312681510723,0.8232529190168734,1.0503572637992868,-1.6211748980294132
603,0.9916974878987094,0.6105340197945781,-1.128592738890612,1.6997461327123442
604,0.8277459701472972,1.8861245212055582,1.5611030287789487,-4.116671212114041
605,0.8472578783202035,1.9813033852127988,-0.4688182160273686,1.0108015364902838
606,-0.20912173158278505,0.3977844355348963,0.022110383847022574,-0.21067674703647546
607,-0.8938413259499207,1.3136766939039666,1.4483834118520527,-2.0357522585382233
608,-0.625830523964929,0.21299062754212073,1.7799590728197106,-2.465396744776909
609,0.13635329018083697,1.3018280077150115,-0.009339725104079655,0.136779383192426
610,-0.9473171403750815,1.6546264555516994,0.6797028948748084,-1.2447532281799816
611,-0.398417063702604,1.3689970930481352,0.08279563708484505,-0.40979037055958195
612,-0.9992373826246103,0.8346662841251915,0.9609531926334774,-1.5317395904749274
613,-0.9615814182188949,0.7661327191275391,-1.274519901165906,4.434298594084351
614,0.3080658272927406,0.7862448304468341,1.9513650435318923,-3.454751964971131
615,0.6118841633521572,1.1794236359858463,1.7909473880346471,-3.8000332159537975
616,-0.9955100199788436,1.7631345401449912,0.9053437792761488,-1.475998182965568
617,0.7564762216512452,1.8581323145375357,-0.34597880303750383,0.8579083291613451
618,0.997509318915109,0.10705924041463621,-0.9294651952755554,1.5002029037651738
619,-0.823941842100357,0.3632447892913766,0.43332563068701413,-0.9683323449083935
620,-0.999976847798676,0.22444863165657702,-1.0068046944548255,4.705584233414826
621,-0.9847403423265316,0.38666928153382796,0.8259699503113748,-1.3958756253153988
622,0.8698429921537428,0.6932156212183436,-1.4933286622536985,2.086708684556344
623,0.9626664987244222,1.0130633652452476,-0.7293097485433543,1.2966863471970824
624,0.1899679507258155,1.2589224540183044,-1.981790292117942,2.9504631508683783
625,-0.9750016536636712,1.464284438279403,-1.222197604292005,4.488321137272338
626,-0.5073665328730332,1.7802230827716141,-1.8617303530225666,3.6737186625156384
627,0.6037164332436342,1.9781768744595816,-1.7971991396329932,2.4934378651841653
628,0.9560278662148903,1.3257129571142396,-1.2932758411813081,1.8684478844979022
629,-0.9997918639379515,1.690729037335526,0.9795983137099754,-1.5503932249448051
630,0.1779399004475403,1.5560776938493979,1.9840413567674478,-3.320485197778632
631,0.8307568002726399,0.6150640784374239,1.5566355529435443,-4.122058559195911
632,-0.6511308870149504,1.751384540469846,1.7589654590132042,-2.432519129953982
633,-0.5957764064079712,0.08552627589559769,0.19684965693364498,-0.6382320036984434
634,0.20582824067605338,0.0007346875029157207,-0.021411866339980268,0.2073099949269114
635,0.5378129527984761,0.5474652587769284,-1.843064189609655,2.5737518617049275
636,-0.9253427686611346,0.9241950592548998,-1.3791315872972678,4.323531341326779
637,0.44849148934096333,1.2767257900013547,1.8937871021606458,-3.6066695025070463
638,0.5331386087895382,0.2035405330890896,1.8460279095975238,-3.703898718175166
639,0.7482052622987164,1.34602026766968,-0.3365326794268545,0.8453528486554271
640,0.737100915036271,1.603631734119389,-1.675782687742659,2.312822358953701
641,-0.13919393416750586,0.3706258391587336,-1.990265140601734,3.28124003172774
642,-0.8226338030517659,0.8302505096635877,-1.5685715663630995,4.1076205842234605
643,-0.9878249431349183,1.0399699799066195,-1.1555695398222137,4.556184993715657
644,-0.8101141553173621,0.9036140361689613,0.4137278316733457,-0.9443468028286756
645,-0.9034774901653732,1.5996598617769413,0.571364461617474,-1.1278143249688415
646,0.17679811984243018,1.9210447962386616,1.9842471360487577,-3.3193250218377504
647,0.9852153732271784,1.59790632801636,-1.1713203676065151,1.7429660218920668
648,0.9956460821213844,0.15598563575164914,-0.9067858425112505,1.4774466510002466
649,-0.26747049355105246,1.6098711443182543,-1.9635660512282263,3.412359573797409
650,0.60849391653744,0.13319266447110234,1.7935585381916868,-3.795753974601511
651,-0.020950617192998598,0.47194077048314,0.00021948826793360965,-0.02095215013247761
652,0.6919446430025695,0.3061937936714456,-0.27804944004450927,0.7641791837899128
653,-0.6486620453476672,0.39503821369217085,1.7610765736280292,-2.43576751314778
654,-0.02222876468877305,1.0566302541147012,1.9997529104835912,-3.119362057888477
655,-0.24486154580526098,1.3433797152217073,-1.9695580557067525,3.3889695422026676
656,0.8516459150147151,0.940642564672082,1.524117577876137,-4.160710335363646
657,-0.2733668362537469,1.9193912780584872,0.038090143081683014,-0.2768914572602728
658,0.46096878786301426,0.4805846400603333,1.8874163490809166,-3.6206792378163746
659,-0.39375371145301596,1.5262804605095859,0.08078402172450516,-0.40471163981226677
660,-0.9822206561033754,1.740364357014297,-1.187730079432825,4.523538355310597
661,-0.6586706696134272,1.1241322215094383,0.24756864167487047,-0.7190506784995888
662,-0.22235609278500015,0.9124450039231062,-1.974965521442368,3.3658230517386287
663,0.4485329016882299,1.1923688935584873,1.8937663207478432,-3.6067158366156984
664,-0.8336557247876353,0.8576195403206859,1.552284467035605,-2.1558983855065486
665,-0.7874938416660346,1.1103877646467388,0.38367747944921693,-0.90673205742453
666,-0.8100564223117013,0.8338679042576032,0.41364806415296396,-0.9442483347767079
667,0.9990120433937127,0.8009394205882681,-1.0444402650117954,1.6152512326104482
668,-0.994248966430731,1.3906929362790597,0.8929066166776715,-1.4634971708183133
669,0.903079782004836,0.1857024261359359,-1.4294728249075812,2.01470527013341
670,0.9666489555904485,0.33308414545764164,-0.743894949960187,1.3118056202473078
671,-0.8136387040256169,1.702396943430008,0.4186291550898733,-0.9503838157920393
672,-0.5997155910084241,1.542154693630376,0.1997867722279164,-0.6431456449292877
673,0.8816739739794736,0.5629074545887875,-0.5281409070418983,1.0793981410699223
674,0.7899112380012735,0.7545378653315205,1.613221196697648,-4.052256890385425
675,0.10279880904682608,1.852053013256961,-1.9947021689222129,3.03861192205825
676,0.9922181069155291,1.6361544503477226,-0.875488039494338,1.4459603779794532
677,0.8459612186150605,1.2286925999592617,-1.5332444248178518,2.133227470231441
678,0.3410099986045465,0.4429803576059155,-0.05994033122799747,0.3479910868467773
679,0.5051658137099797,0.08850394263053918,1.863022306002999,-3.6711667395402214
680,-0.780220502298843,0.8625156936837963,0.37449542943912784,-0.895018258856887
681,-0.7782241353986362,1.3452542785149237,0.3720133798534836,-0.8918329708754984
682,-0.9932987682406719,1.656960981035703,1.1155748978436235,-1.6866300833658756
683,0.9604241975763733,1.7053780114845387,1.2785414883096942,-4.430113818304526
684,0.7867487740087301,0.06555180258672677,-1.617273332159879,2.2360685567223113
685,0.5107889056058516,0.48831406767375873,1.8597061671931732,-3.6776948396022227
686,0.8425124963487735,0.6781891769548061,-0.46132320126428505,1.0019305493738573
687,0.9412500208017662,0.3774644219187717,-1.3377105244742524,1.9152797819469443
688,0.9551989213014698,1.6059507567276756,-0.7040354400531904,1.2703311657986307
689,-0.9267701868469033,1.534931526169885,-1.3756288337864335,4.32731377730004
690,0.5623575631846262,1.0336660807619416,1.8268941716622806,-3.7388268049501376
691,-0.31349970209135375,1.965852955991711,-1.9495882985739832,3.460468949052985
692,0.9623949190320248,0.2881170821816845,1.2716542284252954,-4.43727749831097
693,0.32317594376860104,1.7993034066553377,-0.05366110226342591,0.32908360477616266
694,-0.7848677273315101,0.23292650832383233,0.38033666350713446,-0.9024826392490862
695,0.22595912583716726,0.3263634110282414,-0.025863216251997168,0.2279275144454157
696,-0.9555158056054815,1.3924384005012376,0.7050600989386016,-1.2714037055898995
697,-0.22335447234973949,0.21913938408337863,1.9747372875197549,-2.9163381204057233
698,0.9838026580301177,1.1316901908374217,1.1792549303446775,-4.532159917964226
699,0.1702249683893263,0.8404670729453072,-0.014594773640380532,0.17105796501112774
700,-0.08888570645942531,1.4569479310820297,-1.9960418320468318,3.2305958208937735
701,-0.9301831574966516,1.8013504776177303,0.6329042447677181,-1.1949114660736737
702,-0.5052275940551874,1.5397430293381107,1.8629861402161723,-2.6119469801041864
703,0.7255271493806986,1.6993797528423766,1.6881935450957946,-3.9533927289266506
704,0.693805427743008,0.06589089706246476,1.7201625014080792,-3.9083524723626435
705,-0.49324486194934086,0.6203909964884062,1.8698905138927402,-2.6257766327719083
706,0.5876780353389438,1.0308661733726647,1.8090948811976004,-3.7697786632441703
707,-0.7999092486981189,0.8319066292595589,1.6001209826753362,-2.214448672510155
708,0.8118725530443793,0.4625099059593769,1.5838347005901596,-4.088944987708066
709,0.8148584859749808,0.6157481959200466,1.5796599415472508,-4.094077673785381
710,-0.21455015095113203,1.8908619407832115,-1.9767129735632913,3.3578238856559075
711,0.04283575594132141,0.5883617597427031,1.9990821277617448,-3.1844415202618923
712,0.533297109921796,0.7078082203595715,-0.15407199328248988,0.5624934230505265
713,0.5348539321925041,0.007419547500037371,-1.8449445373621964,2.5772577885734145
714,-0.39937055480129247,1.690155254555749,0.08321040584128148,-0.41083016789272253
715,0.12500086884166978,0.30968140680315326,1.9921566321850737,-3.266921360467997
716,-0.305394785955576,0.4082885510274521,1.9522258265302135,-2.8312396590764433
717,-0.5904440913889157,0.5105290341840512,0.19292145676897243,-0.6316089756645948
718,0.2629707319092402,1.7692441136896853,-0.03519618877249531,0.2661000214322611
719,-0.9884998057058377,0.41290282249262944,0.8487778649816067,-1.4189918172808427
720,0.46948721766744284,1.5950527217358799,-1.8829392688327342,2.6528827326978117
721,0.7002655078714206,1.616098680645809,-1.7138824962734283,2.3658233038177743
722,-0.7737780348267906,1.8540411375727917,-1.633456827905099,4.026376426710615
723,0.9630010462171109,0.23112262720062793,1.2694976530227113,-4.439517634407297
724,-0.5544566342828896,0.43455794467566267,-1.8322126174840718,3.7293025606663037
725,-0.8481669614816567,1.4857965841614427,0.47027100754161666,-1.012515314800672
726,-0.4118507236783539,0.3920015085614781,-1.9112513272449134,3.566076755418682
727,0.9742766207827361,0.572659093746898,-1.225355421936488,1.7981041535703792
728,-0.9928999066774875,0.3334831602227253,-1.1189528281287862,4.593153824879085
729,0.6426201494562336,0.3453933723100986,-1.766184927751028,2.4436795365535042
730,-0.9570461702404514,0.9631067092564114,0.7100644415941967,-1.276636823573259
731,0.010020000225205255,0.21936612422591706,-5.02014623500191e-05,0.010020167901460314
732,-0.9187902193902998,0.6433952369272444,0.6052538375706171,-1.1650047658363627
733,-0.9560370105413049,0.853187819197758,0.7067539693785353,-1.273175950627835
734,-0.7759190323014753,0.049096233047955185,1.6308325097142204,-2.2534220047525095
735,-0.03796994177981784,0.7766663329489052,0.0007211182451430931,-0.03797907135253417
736,0.9899261106220987,0.18824487217103392,-1.1415849409669139,1.7128586288811531
737,-0.8639563466852179,0.9871570622923533,1.5035667096049257,-2.09851850375323
738,0.22775776719229698,1.6514763771141927,-0.02628217666329047,0.22977430612830407
739,0.4479875620263035,1.6368443243635744,1.8940397889745897,-3.606105770857396
740,0.06424571200865538,0.16089703107480102,1.997934110294112,-3.205882643708448
741,0.9042657177779228,1.2024555153490404,1.4269701531156225,-4.271249480069299
742,-0.9621941295617276,1.669172763942473,-1.2723645664122805,4.436539327265833
743,0.9993382132688613,0.47594508586927065,1.0363749295614428,-4.676006024549958
744,-0.1120444524434812,1.5238530228991982,1.993703195464642,-3.029312433199991
745,0.8741797433969853,1.7815286929001866,-0.5143975121208904,1.063744087280628
746,0.7200718959516664,1.6122483028808883,1.6938994629343451,-3.9454985784354126
747,-0.4418834051937362,0.21460206303100904,-1.8970724921735078,3.5992897456819204
748,0.8780257045088451,0.018119999044769797,-1.4786134789386383,2.0698712233726897
749,-0.9502474315792444,0.38344821984369126,-1.3114960975310113,4.395621923931718
750,0.07190124041569325,0.5409546818932465,-0.002588243689355396,0.07196333735317421
751,-0.9522253236321566,1.232365981231919,1.3053963539953197,-1.881150968018632
752,0.4497915267277312,0.7685463504846368,-0.10686642517261924,0.46653190752633444
753,-0.7948607735994884,1.406814061322947,-1.6067918511259218,4.060370751876872
754,0.19442569256520753,0.7061499210432172,-0.019082750650933122,0.1956719361509837
755,-0.8119999754432776,0.3088508493092006,1.5836574679382733,-2.1940220355261078
756,-0.40347097748159105,0.6253796869720702,-1.914992442772097,3.556899790629292
757,-0.9346016005786828,1.76864845277827,0.6443037135479703,-1.207137356207515
758,0.999915009525193,1.9170646884901297,1.0130373972185136,-4.6993512138020925
759,-0.6915119481488877,0.41502546813473695,1.722365022386418,-2.3780126391864425
760,-0.989890656811172,1.5769367740488827,1.1418326040018525,-1.713108816714412
761,-0.23751352361759573,0.5466974730797414,-1.9713842319590915,3.3813979754126677
762,-0.38120413940469067,1.774263086862815,0.07550911086115664,-0.3910984364738981
763,-0.49883364580758505,0.3310912255925109,0.13330224771820665,-0.5222525085825095
764,-0.9996595035980838,1.3319198373881138,0.9739063826571923,-1.5446997474543924
765,-0.431553450034991,0.16842252942636504,-1.9020873681428516,3.58780678424117
766,-0.8687565240536326,1.947786647947739,-1.495239438972958,4.194278559260032
767,-0.9970805080572676,1.4012666892810857,-1.0763574518449974,4.6359571333321465
768,-0.9174751676759617,1.6836314788101705,0.6022069423708276,-1.1616861906184486
769,-0.9495329470378835,1.133338678726069,-1.313667311796355,4.393336172015907
770,0.3808288405720903,0.9536027278577204,-1.924645550569794,2.7509001350561704
771,0.9963867126761176,1.2437647827887301,-1.0849324366922313,1.6558312066640433
772,-0.6722417251790826,1.057483023398896,1.7403317249235308,-2.4043600119218502
773,-0.4522311240624312,0.938768710290306,1.8919007850816312,-2.6723273579891944
774,0.005832416745883513,1.5189005029152856,1.9999829913128035,-3.1474251034031524
775,-0.7465054543173507,0.35640190987853626,-1.665379295345479,3.984387182821594
776,-0.9323326224941133,0.34234409631031704,1.3616018266453436,-1.9407817339792082
777,-0.4278171011157847,0.8636853012994123,0.09613467375228602,-0.4420763217266685
778,-0.05691530008400565,0.641495832089892,0.0016209894952980974,-0.056946073072525916
779,0.4967821852109758,0.1482490358260482,-1.8678752562765042,2.6217055221116112
780,-0.10256474666518828,1.6889409848374688,-1.994726330576157,3.2443380789712366
781,0.25714529757348453,1.5432056133886995,1.9663727520661187,-3.4016596516545774
782,-0.635696281117897,1.0878429996059695,0.22806072896057705,-0.6889101749110099
783,-0.0896181413631522,1.958649074528738,-1.9959761988815867,3.231331190613674
784,0.1437001481585001,0.14520013309521063,-1.9896212747406077,2.9973932908782555
785,0.5692303111797696,1.53333860205575,1.8221781150299385,-3.7471620468427966
786,0.09676633153361958,0.5327407832181936,1.9953071270123237,-3.2385106405426027
787,-0.9625371209081431,0.7371978398871508,1.2711499416814664,-1.8453838561037095
788,0.758203788281114,0.4385587704061351,1.652017649635474,-4.002146486943927
789,-0.6518599117158667,1.5780757829237304,0.24166059346900448,-0.7100344704585255
790,0.5282373850719618,0.288480204043132,1.849096734778986,-3.698116004702333
791,0.5995475557593299,1.680033395470556,-0.19966086664276306,0.6429356733562762
792,-0.6837928761952963,1.3231552964596678,1.7296761627356099,-2.3886445679777633
793,0.7888036974192637,0.11804649053822946,-0.38535479588814914,0.9088602289965574
794,0.44676241525798843,1.6219634632003068,1.8946526389123595,-3.6047358913212335
795,-0.974280821542178,1.2555114323259589,-1.2253372600683223,4.485099794956668
796,-0.8047182099246211,1.809964639156683,-1.5936569738626116,4.076793300798533
797,-0.8519980066300145,1.4974446128172765,0.47645497166100226,-1.019789828703513
798,-0.6531092836589252,1.1222418548595496,1.757263668479167,-2.429909503895047
799,-0.7097556146192483,1.6730943612383955,1.7044479878006986,-2.352441422466297
800,-0.15587403614426107,0.5561004766024442,0.012223059159560234,-0.1565122434307881
801,0.9298014574977705,1.0939001236891273,1.3680614753475586,-4.335465702441397
802,0.9678882348485982,0.5872336396068203,-0.7486190841737093,1.316689604743805
803,-0.76059216278972,1.9364087821810174,0.35077002387223666,-0.8642247285462228
804,-0.9149628429074981,0.45239260168401274,0.5964619025437263,-1.1554158327994355
805,0.22398016403244647,0.03147647934092501,-1.9745937030988854,2.9156961651254445
806,0.9213269574070311,0.6517096840075924,-1.3887886798186164,1.9701127981547568
807,-0.9088015779610581,1.0050187939396094,-1.4172285847056634,4.281995330145308
808,-0.9846693314694009,0.05672586846015015,0.8255686161735709,-1.395468057364872
809,-0.568893367605066,1.1184966000678147,-1.822411293876104,3.7467522867310454
810,0.5623391358147869,1.7485655499024604,-1.8269067035228814,2.5443807871007595
811,-0.9743334922786535,1.4094643888333402,0.7748905914358906,-1.3437410013991642
812,0.9113985052757999,1.2459366459566086,-0.5884750741679943,1.1466697240720514
813,-0.9123187406493386,1.9119235014165026,1.409480787656765,-1.9926812033688361
814,-0.37745220217923797,1.9165586676842117,-1.9260290681560939,3.5286360869608573
815,0.4892188032676839,1.6485329394064572,1.8721610874886216,-3.652786478933671
816,-0.4180978526421641,1.215483694771702,1.9084019956032743,-2.710242293950492
817,-0.15364083628404518,0.9755291189954134,1.9881267597965047,-2.987340843102784
818,-0.7919269963235338,0.02663222649293462,0.3893842186006117,-0.9139583953077631
819,0.7381516494466822,1.2125238124530828,-1.6746348215287603,2.3112661969650485
820,0.25088727056822174,1.9781761507137074,-0.03198368946239971,0.2535967328075142
821,-0.11588694463309135,1.636202100048058,0.006737589524496879,-0.11614791431275379
822,0.9999867614401888,0.6812092877687039,1.0051455752217695,-4.707243382456132
823,-0.6465643722798755,0.30409405008884405,0.23714056832314734,-0.7030721747851015
824,0.8259109987869793,1.5681172289343082,1.5638005162135757,-4.113408763985164
825,-0.3819860275373568,1.487875641263483,1.9241680987603011,-2.74964831953158
826,-0.8037813490487027,1.9340935839586462,-1.5949248212349587,4.075216866285127
827,-0.4433063499775633,1.7496847238786777,1.8963701691095984,-2.682308731301239
828,-0.2334848190369561,1.1113252505448148,-1.9723604472001521,3.3772526791143394
829,0.2829705942837056,0.20256849392948428,-1.9591285851077145,2.8547027727543934
830,0.07081904941166482,0.9670013167679201,1.99748917900919,-3.212471033912058
831,0.8394724824621133,0.627390108044634,-0.45659779979383885,0.9963117250707182
832,0.4624078196245198,1.0248169640496796,1.8866673605981545,-3.6223015191529893
833,0.8381035193886572,0.6034031492793064,-1.5455112196722873,2.1477952925212938
834,0.9623586711136761,1.7236459839511915,-0.728217388097915,1.2955514422147403
835,0.2002773246435112,1.6886540279656443,-1.9797392475723514,2.9399516813396183
836,-0.19307587317272268,0.6309303143341118,0.0188161705375538,-0.19429604456810998
837,-0.6949855711743452,1.19916269274799,-1.719023682405155,3.909992486948798
838,0.8937754333825872,0.8603617152781082,1.4485147429926561,-4.2472861143058225
839,-0.9282252014585868,1.8181855140571264,1.372018783634867,-1.9519792877567128
840,0.8978093790351752,0.37472180285264556,-1.4403842855012803,2.0268229809959153
841,-0.6974281383887788,1.3954568035699186,0.28334527714975444,-0.7718024963074734
842,-0.05919715645779688,1.9407506556744332,1.9982463106204356,-3.082360868364678
843,0.5314902063956051,0.35055103912618035,1.8470644370445244,-3.7019515097120728
844,0.1501717493203581,0.4039328568484064,-1.988659924193382,2.990850663793627
845,-0.25042717492094313,1.3874466773444558,0.03186456006346128,-0.25312146464890484
846,-0.4451538558284309,1.5583078490498279,-1.8954540996841103,3.6029387258651955
847,0.8092617754776325,0.9810981095878655,-1.5874481923972446,2.1986982915952473
848,-0.7518150533000793,1.2193729302942427,0.3406259592375517,-0.8508104676063948
849,-0.9291587202718256,0.4253648176236575,0.6303189583670492,-1.1921306060655825
850,0.14685490104032956,0.9532284571346521,-0.010841954973607404,0.14738794486158907
851,-0.5013955930038216,0.2241437617498303,-1.865218157065804,3.666803672240521
852,0.7866071681381562,0.6428438505513294,-1.6174537740055286,2.23629792865275
853,0.9988209257398987,0.5695594100619086,1.0485464551135502,-4.663823436309367
854,0.9666213917714196,0.8892507202048401,-1.2562090649643056,1.8298946384940713
855,-0.7257827178484988,1.8602527244873939,-1.6879240121353858,3.953764162985491
856,0.9160402425070794,0.3625353242956848,-1.4010863673918266,1.983498803894913
857,-0.09728972556178694,0.802776493249441,1.9952561023676831,-3.0441487913385954
858,-0.15471402786552893,1.2311944382192894,0.012040704491513843,-0.15533798937389656
859,0.24580396149841502,1.8931141721480034,1.969319561605813,-3.389941667117125
860,-0.9708946149894465,0.26629638307153636,0.7604929091143764,-1.3289381930690563
861,-0.8294589841956083,1.835753233986227,-1.558567626646219,4.119731063157696
862,-0.7499363667297677,0.16210757726812308,-1.6615099741169104,3.9895585333560177
863,-0.8888724540545868,0.9614827943205289,1.4581547341488204,-2.0467144495021565
864,-0.9982390371806842,0.9091797344609656,0.9406803182022979,-1.5114418005340042
865,0.8101946007170922,0.4192054577543911,-0.41383900763623693,0.9444840309493071
866,-0.9404456901518717,0.694919336231695,-1.339943971669994,4.365531659858016
867,0.17686623195384057,0.9083305366967962,1.9842348987891305,-3.3193942245128856
868,-0.7516670225403985,1.7304229258212585,1.6595427865008092,-2.2910066592117313
869,-0.37008219803562475,1.9101282907471195,-1.9289990132917907,3.5206901529449963
870,-0.07633957303623638,1.0378513572743304,0.002918122926384159,-0.07641391590621949
871,-0.5798357329883841,1.7401995805888437,-1.814733405937073,3.760119709225808
872,-0.17673541985246022,1.2163431713535588,1.9842583966467213,-2.9639239884799857
873,0.30305252151846634,0.6981746839753509,-0.047026144534227265,0.307894183209547
874,-0.9977847822243561,0.3883884152269381,1.0665246447678927,-1.6373701373225635
875,-0.9875046869089814,0.8262695435655296,1.15758963586732,-1.7290456382645603
876,-0.4800158846257112,1.0456485658476955,0.12274020352748649,-0.5006728194090195
877,-0.5897346086130766,0.08888677651911236,0.19240289041875502,-0.6307301827888322
878,-0.9744982319068691,0.29168233174170144,0.7756048217755427,-1.3444739844461977
879,-0.6957149383963772,1.20036884796288,-1.7183179828544772,3.911007370434134
880,0.8177294019057894,0.45000318935432415,-1.5756028363887724,2.18413749140438
881,0.8398532334543659,1.674652752162595,-1.5428135464929429,2.144579868940782
882,-0.9174303595513121,0.6538844995483812,1.3978963877362425,-1.9800190901398038
883,0.6686517216128134,0.20966841450650175,-0.2564242639890535,0.7323940696454331
884,0.48851625688334377,0.16706117711063406,-1.8725547929847655,2.6312041700832105
885,0.3482645019588468,1.8742460410635593,-1.937396307159014,2.785873590861773
886,-0.9944368289552457,0.23604062248375834,0.8946653275628799,-1.4652658870537278
887,0.5552612577867616,0.28181952832412005,-1.8316759799351328,2.5529155862810415
888,0.7945979312589335,1.725332115865506,-1.6071360042354788,2.223247599713528
889,0.23491305573161153,0.508576260554688,1.9720163868201177,-3.3787217733894748
890,-0.3025454490894996,1.3319028215088322,-1.9531349596123484,3.4489547869887587
891,-0.5252697743139936,1.6334513740597827,0.1490642420299132,-0.5530321146140132
892,-0.12772862009431135,1.2143612802603843,0.0081908451678806,-0.1280785018108547
893,-0.46763121928648127,1.9149770868956988,0.11607633658293837,-0.4866090248185814
894,0.5967409578731014,1.4177657985216827,-0.19756605929416626,0.6394334994515396
895,0.9094640616656642,0.22550301980731668,-0.5842174600363875,1.1419932521080303
896,-0.017156346731094813,1.1168200530917598,0.00014718094769450296,-0.01715718847644086
897,-0.31010923068219665,1.4363730521783677,-1.950700933546242,3.4569005787710303
898,0.933435042713674,1.6039144807468904,-0.641253542130209,1.2038717150135665
899,-0.8010334937236524,0.05264267056818306,0.4013804698033322,-0.9290196909331776
900,-0.7069395519056532,1.437757830542849,0.2927260290725847,-0.7851616934371988
901,0.21042309487913333,1.651361642038899,-1.9776104137853112,2.9295849292234166
902,-0.9902105400841288,1.493667621870713,0.8604181734383093,-1.4307572322698134
903,-0.40969361647792146,1.0246982913111962,1.9122231857485545,-2.7194744813956087
904,0.8474285716449078,0.9160419261776058,1.5309094234988407,-4.152715618827503
905,-0.39160650580603334,1.0988371665996317,-1.9201327864011744,3.5439695489394065
906,-0.7195226506370889,1.409287397653204,-1.6944689735475427,3.944707368737047
907,0.42475412990948963,1.8458285812649708,1.9053087479555426,-3.580282934886758
908,-0.999942239796754,1.23407042128225,0.9892521132192912,-1.5600482330760317
909,-0.0819544688335897,1.7756686125669392,1.9966360745217906,-3.059546164682904
910,0.46042951563780987,1.4025136948914547,1.887696266258641,-3.6200716457076214
911,-0.5867687302828395,0.13667275487769515,-1.8097545660027268,3.7686552666713182
912,0.8597299933089811,1.0016563800032436,1.5107488018634398,-4.176333441922575
913,-0.9831346525402772,0.5729726966304847,-1.1828831730217642,4.528470691528348
914,0.6145128995192005,0.5703498562651446,1.7889067728981067,-3.8033610341867456
915,-0.28023365676731826,0.7118551024319684,-1.9599318192532307,3.4256301639062454
916,0.5865603434588135,0.6294655440009516,-0.19009447249603317,0.6268052914080311
917,-0.9473476032743363,1.1572199602342004,0.6797930066810365,-1.24484834981716
918,-0.9963974611410082,1.367203000707114,0.915193753580571,-1.4858880941304915
919,0.6563667111929771,0.5374987741534709,-1.754442006013527,2.425599905079051
920,-0.9844099317700022,0.2595252451367627,1.17588941478264,-1.7476055225816793
921,0.9961216632238374,0.1176174418689242,-0.9120134552549327,1.4826958581453538
922,0.16256974661912654,1.1515056900611045,-0.01330294543654742,0.1632944900688015
923,-0.1412217810956371,0.3722603326660048,0.010022016131582823,-0.14169545616860355
924,-0.5966111416007122,0.018495988447398748,-1.802530464043512,3.780864384628623
925,0.4925501175056519,1.8555061586474082,-0.12971591894073553,0.5150175441491733
926,0.0609568078294451,1.0742808381664812,-1.998140404742361,3.0805980326350895
927,0.8498033913923138,0.18489636049394553,-1.527099796981674,2.1259804727325773
928,0.9346960006303782,1.6858422242549707,1.3554481486877883,-4.34899549749988
929,0.537602387481118,1.9664054765802361,-1.843198477806146,2.574001603717643
930,-0.4556992626785176,0.8972013240354344,1.890133800051574,-2.6684350269801063
931,-0.6115382161152902,0.08497921647631634,-1.791214895101532,3.7995959065386495
932,0.9192792324639283,0.235091881512127,1.3936060120990672,-4.307838014750706
933,-0.9999969675959615,0.7633074932908643,1.0024626812383302,-1.5732590105225113
934,0.5898196137810692,1.771045274897754,1.8075350290849,-3.7724280973240045
935,-0.22804290598696297,0.2960773585555241,0.026348916177349913,-0.23006715130168642
936,0.12512344504390382,1.647980188005391,-1.992141181233974,3.0161404005369685
937,-0.9456388279388096,0.029952520438038865,1.3252187065568561,-1.902039324852231
938,0.14772578603377032,0.914777397571622,1.9890283576018963,-3.2898610866965954
939,-0.9995824479214577,1.2887942819011362,1.0288951519696004,-1.5996955011799203
940,0.18231658267058554,0.1207589640511928,-1.9832398810480174,2.9582506438967746
941,0.24518323814928103,1.2295255012329733,1.9694767556422552,-3.3893013488718267
942,-0.5413519948690235,1.8888082429391122,1.8407960618671622,-2.5695483812125004
943,0.7967402728361587,0.32051984027319014,1.6043218824773462,-4.0634745028718635
944,0.9330576464792186,1.4592227660707056,-1.359726880211448,1.9387714889021541
945,-0.8345984432808515,1.2181877958870868,0.44914118099718214,-0.9874034173400257
946,-0.9776131148393232,0.3702327777584611,1.210410545586851,-1.7827912144783074
947,0.8824698399240103,0.012406829418732057,-1.4703689845477608,2.0605051853298524
948,-0.9996894858878993,0.018568901011854155,0.9750814967305921,-1.5458752440227912
949,0.8387039549564826,1.0641848183440572,-1.5445876200762871,2.146693675887628
950,0.17007752460904563,1.885558819122387,-1.9854306853466963,2.970684314206177
951,-0.4623358007958032,1.2885972549312248,1.8867049155736666,-2.6609650104858007
952,-0.9697106409171904,1.4285996925874873,-1.244256571850118,4.4656360114344915
953,0.04059755738304399,0.9877309738410742,1.9991755793325467,-3.182201371141645
954,-0.9208733096215914,1.1637778852691396,1.3898619597069926,-1.9712780132360381
955,-0.12341887645446471,0.25273505066120694,1.992354664892909,-3.017858285886606
956,-0.9934267094084521,1.7536412408012616,0.885530034358812,-1.4560748850363499
957,-0.18681759410779025,1.5215852573336037,0.017605381462328595,-0.18792170502425073
958,0.20748434881529065,1.9963979056892192,-0.021761662478568145,0.20900264143208092
959,-0.1899053886182626,0.5954458951112427,-1.9818023952780655,3.3326584342287893
960,-0.5045558142149971,0.45403554359211573,-1.8633790768497005,3.670460067875502
961,-0.4826112289243875,0.25032331592268586,1.8758346885777546,-2.6379589642165513
962,0.9161024465435167,1.9284195132320896,-0.5990557302604473,1.1582489660543624
963,0.4968547480651492,1.5617703692560472,1.867833716402582,-3.661563396843075
964,-0.3771341112641475,0.3326492274392774,0.0738413407406906,-0.38669995748332875
965,-0.9946310116549394,1.1053729422164278,1.1034850262321643,-1.6744669549861049
966,-0.9874425054431692,0.8275364161345535,1.157978791121203,-1.7294397300664608
967,-0.16340361008945894,0.3029720156123856,0.013440696050292078,-0.164139654881877
968,0.827992585229659,0.32414597005993095,-1.5607390469770284,2.1660744341119784
969,0.7948529038390977,1.9269399894903714,1.6068021598993811,-4.060357782530749
970,-0.418716834295078,0.6099283659154444,-1.9081168496828522,3.573624516347615
971,0.8007372434414753,1.8828785833678865,-1.599015748512297,2.21306768802318
972,-0.09253863791351555,0.1512213461301688,1.9957090943107385,-3.0489214298938117
973,-0.8400641176652937,0.9216060845863812,-1.542487122622493,4.138994057198094
974,0.0594562239696969,0.2592380970335202,-0.0017690861172123817,0.05949130985907191
975,-0.9999983725962606,0.009574770482344341,-1.001804107765763,4.710584871640256
976,-0.2843519616758151,1.1075321474121531,1.9587199600984198,-2.853262234442144
977,0.3230987346840153,0.22778820962272683,-0.05363473877916025,0.32900201877216145
978,-0.9186805479624295,1.4440490618673594,1.3950013301185837,-1.9768656257094235
979,-0.9624728627250612,1.396232751413799,1.2713779440518804,-1.8456207404536986
980,0.7567133625684985,0.3526658149289783,-0.3462531935754668,0.8582709942732609
981,-0.7399633789225046,1.8834842865310333,-1.6726471570248327,3.9746085670804576
982,0.2614735941967889,1.4420868168649792,-1.965210629623303,2.8770440582820953
983,0.8578106534877339,0.5959405283138599,-1.5139658381283205,2.110597957099169
984,0.5292359020631745,1.4184675279015813,-0.15152527440861385,0.5576997574074926
985,-0.7436256952518978,1.463860555363072,-1.668596160145369,3.980069630230848
986,-0.07192987459928087,0.6844526625019212,0.0025903082784227704,-0.0719920458710357
987,-0.37249181533712955,0.7511771249229184,-1.9280354775044162,3.5232852753954598
988,-0.006110144900347775,0.7182130153066002,-1.999981332890418,3.1477028365100064
989,-0.43005557736613126,1.2332368871041481,1.90280241491496,-2.6970383166156195
990,0.5524935547896526,1.8008202930803587,-1.8335171695387524,2.556239765760582
991,0.9934279673782639,0.34638647245717524,1.1144590478323628,-4.5976785286688
992,-0.9951039021529448,1.7503992196726368,1.0988343256160655,-1.6697922698161036
993,-0.5587069257580203,0.055306313010685004,1.829365161500061,-2.548766787141858
994,0.06463676728431021,1.3206771919564448,-0.0020911422805016677,0.06468185989690689
995,0.7890765015178371,0.8288777463793884,-1.6142949411743277,2.2322884581476137
996,0.6053601378722935,1.5825631044649875,1.7959516966972542,-3.791810905175368
997,0.1401752796030314,1.442396225861806,-0.009873295487788591,0.14063843993980504
998,-0.8362142979676525,0.960215614290368,-1.5484028153414844,4.131935959801593
999,-0.5514877312445577,1.2877280734451935,1.8341830028757062,-2.5574460058746924
1000,0.9951311739505817,1.0035462613998904,-1.098559355881302,1.6695159509668225
